title,authors,journal,year,doi,pmid,source_query
Toxins in disguise: Neuropeptide mimicry across animal venoms.,"Koch TL, Safavi-Hemami H.",,2026,10.1016/j.ygcen.2026.114886,41554321,"(neuropeptide OR neuropeptidome OR peptidome OR ""peptide hormone"" OR allatostatin OR RFamide OR orcokinin OR ""crustacean cardioactive peptide"" OR ""crustacean hyperglycemic hormone"") AND (crustacean OR decapod OR crab OR lobster OR crayfish OR shrimp OR Crustacea) AND (FIRST_PDATE:[2025-01-01 TO 3000-12-31])"
Neonicotinoids can cause arrested ecdysis in Coleoptera.,"Jurenka R, Adeyanju OZ, Bradbury SP, Gorman C, Purtee S, Krishnan N.",,2026,10.1093/jee/toag244,42594057,"(neuropeptide OR neuropeptidome OR peptidome OR ""peptide hormone"" OR allatostatin OR RFamide OR orcokinin OR ""crustacean cardioactive peptide"" OR ""crustacean hyperglycemic hormone"") AND (crustacean OR decapod OR crab OR lobster OR crayfish OR shrimp OR Crustacea) AND (FIRST_PDATE:[2025-01-01 TO 3000-12-31])"
Transcriptomic investigation of agonistic behaviors of boxer shrimps (Stenopus species): insights into the potential neural signaling roles of dopamine and acetylcholine.,"Wong THH, Chow LH, Wu Z, Hui TKL, Tsang LM.",,2026,10.1186/s12864-026-12899-1,42104233,"(neuropeptide OR neuropeptidome OR peptidome OR ""peptide hormone"" OR allatostatin OR RFamide OR orcokinin OR ""crustacean cardioactive peptide"" OR ""crustacean hyperglycemic hormone"") AND (crustacean OR decapod OR crab OR lobster OR crayfish OR shrimp OR Crustacea) AND (FIRST_PDATE:[2025-01-01 TO 3000-12-31])"
Investigating Low-Temperature Stress Responses in Crustacea Aquatic Species Through Comparative Transcriptomics.,"Chen Y, Yan W, Xu T, Xu S, Zeng Q, Qu Z, Bao Z, Wang H.",,2026,10.1111/eva.70254,42131427,"(neuropeptide OR neuropeptidome OR peptidome OR ""peptide hormone"" OR allatostatin OR RFamide OR orcokinin OR ""crustacean cardioactive peptide"" OR ""crustacean hyperglycemic hormone"") AND (crustacean OR decapod OR crab OR lobster OR crayfish OR shrimp OR Crustacea) AND (FIRST_PDATE:[2025-01-01 TO 3000-12-31])"
Tissue-specific biochemical and molecular responses associated with red pigment-concentrating hormone gene knockdown in Litopenaeus vannamei.,"Feng L, Luo J, Zhou Y, Lu W, Huang Y, Gu Z, Jian J, Cai S, Yang S.",,2026,10.1016/j.cbpb.2026.111270,42607879,"(neuropeptide OR neuropeptidome OR peptidome OR ""peptide hormone"" OR allatostatin OR RFamide OR orcokinin OR ""crustacean cardioactive peptide"" OR ""crustacean hyperglycemic hormone"") AND (crustacean OR decapod OR crab OR lobster OR crayfish OR shrimp OR Crustacea) AND (FIRST_PDATE:[2025-01-01 TO 3000-12-31])"
Approach for Hemolymph Collection and Biochemical Profiling of Invasive Callinectes sapidus: Methodology and Physiological Assessment,,,2026,,,"(neuropeptide OR neuropeptidome OR peptidome OR ""peptide hormone"" OR allatostatin OR RFamide OR orcokinin OR ""crustacean cardioactive peptide"" OR ""crustacean hyperglycemic hormone"") AND (crustacean OR decapod OR crab OR lobster OR crayfish OR shrimp OR Crustacea) AND (FIRST_PDATE:[2025-01-01 TO 3000-12-31])"
"Duration-dependent effects of social isolation on reintegration behavior in the swarming soldier crab, Mictyris guinotae.","Yang R, Eto K, Nakano T, Gunji YP.",,2026,10.1371/journal.pone.0350642,42384653,"(neuropeptide OR neuropeptidome OR peptidome OR ""peptide hormone"" OR allatostatin OR RFamide OR orcokinin OR ""crustacean cardioactive peptide"" OR ""crustacean hyperglycemic hormone"") AND (crustacean OR decapod OR crab OR lobster OR crayfish OR shrimp OR Crustacea) AND (FIRST_PDATE:[2025-01-01 TO 3000-12-31])"
Clock-related neuropeptides in &lt;i&gt;Acyrthosiphon pisum&lt;/i&gt;.,"Colizzi FS, Liessem S, Morales-Poole JR, Martínez-Torres D, Helfrich-Förster C.",,2026,10.3389/fgene.2026.1818975,42369226,"(neuropeptide OR neuropeptidome OR peptidome OR ""peptide hormone"" OR allatostatin OR RFamide OR orcokinin OR ""crustacean cardioactive peptide"" OR ""crustacean hyperglycemic hormone"") AND (crustacean OR decapod OR crab OR lobster OR crayfish OR shrimp OR Crustacea) AND (FIRST_PDATE:[2025-01-01 TO 3000-12-31])"
12-plex DiLeu enables robust quantification of the feeding neuropeptidome,"Fields L, Liu P, Tran VNH, Duong T, Ibarra AE, Corsetti P, Gao T, Selby KG, Wang Z, Lu Y, Lu H, Li L.",,2026,10.64898/2026.08.05.743115,,"(neuropeptide OR neuropeptidome OR peptidome OR ""peptide hormone"" OR allatostatin OR RFamide OR orcokinin OR ""crustacean cardioactive peptide"" OR ""crustacean hyperglycemic hormone"") AND (crustacean OR decapod OR crab OR lobster OR crayfish OR shrimp OR Crustacea) AND (FIRST_PDATE:[2025-01-01 TO 3000-12-31])"
Benchmarking Spectral Library Prediction Platforms for Neuropeptidomics Applications,"Fields L, Hubecky EM, Selby KG, Li L.",,2026,10.64898/2026.08.07.743122,,"(neuropeptide OR neuropeptidome OR peptidome OR ""peptide hormone"" OR allatostatin OR RFamide OR orcokinin OR ""crustacean cardioactive peptide"" OR ""crustacean hyperglycemic hormone"") AND (crustacean OR decapod OR crab OR lobster OR crayfish OR shrimp OR Crustacea) AND (FIRST_PDATE:[2025-01-01 TO 3000-12-31])"
Digestive Hormones and Their Impact on Bariatric and Pharmacologic Weight-Loss Therapies.,"Amoyel M, Carette C, Poghosyan T, Le Beyec-Le Bihan J, Le Gall M.",,2026,10.1210/endrev/bnag032,42584007,"(neuropeptide OR neuropeptidome OR peptidome OR ""peptide hormone"" OR allatostatin OR RFamide OR orcokinin OR ""crustacean cardioactive peptide"" OR ""crustacean hyperglycemic hormone"") AND (crustacean OR decapod OR crab OR lobster OR crayfish OR shrimp OR Crustacea) AND (FIRST_PDATE:[2025-01-01 TO 3000-12-31])"
"Effects of glutamate supplementation on feed consumption, intestinal histology, growth performance, muscle mass, intestinal barrier, and antioxidant-immune genes in the juvenile giant freshwater prawn, &lt;i&gt;Macrobrachium rosenbergii&lt;/i&gt;.","Deethaisong T, Manjit P, Vetkama W, Tinikul R, Sobhon P, Tinikul Y.",,2026,10.1016/j.vas.2026.100704,42239500,"(neuropeptide OR neuropeptidome OR peptidome OR ""peptide hormone"" OR allatostatin OR RFamide OR orcokinin OR ""crustacean cardioactive peptide"" OR ""crustacean hyperglycemic hormone"") AND (crustacean OR decapod OR crab OR lobster OR crayfish OR shrimp OR Crustacea) AND (FIRST_PDATE:[2025-01-01 TO 3000-12-31])"
Preparation and Identification of the Novel Umami Peptides from Sea Cucumber Viscera Hydrolysate.,"Ren X, Zhong Y, Wang C, Liang Q, Li S, Chen R, Li D, Zhu C, Fu X, Mou H.",,2026,10.3390/foods15040673,41750863,"(neuropeptide OR neuropeptidome OR peptidome OR ""peptide hormone"" OR allatostatin OR RFamide OR orcokinin OR ""crustacean cardioactive peptide"" OR ""crustacean hyperglycemic hormone"") AND (crustacean OR decapod OR crab OR lobster OR crayfish OR shrimp OR Crustacea) AND (FIRST_PDATE:[2025-01-01 TO 3000-12-31])"
Evolutionary and physiological arguments for the existence of a circalunar clock in humans.,"Helfrich-Förster C, Wehr TA.",,2026,10.1186/s12862-026-02550-8,42380750,"(neuropeptide OR neuropeptidome OR peptidome OR ""peptide hormone"" OR allatostatin OR RFamide OR orcokinin OR ""crustacean cardioactive peptide"" OR ""crustacean hyperglycemic hormone"") AND (crustacean OR decapod OR crab OR lobster OR crayfish OR shrimp OR Crustacea) AND (FIRST_PDATE:[2025-01-01 TO 3000-12-31])"
Structure and function of the nervous system in the stem of the siphonophore Nanomia septata: its role in swimming coordination.,"Norekian TP, Meech RW.",,2026,10.1242/jeb.251974,42099264,"(neuropeptide OR neuropeptidome OR peptidome OR ""peptide hormone"" OR allatostatin OR RFamide OR orcokinin OR ""crustacean cardioactive peptide"" OR ""crustacean hyperglycemic hormone"") AND (crustacean OR decapod OR crab OR lobster OR crayfish OR shrimp OR Crustacea) AND (FIRST_PDATE:[2025-01-01 TO 3000-12-31])"
Hormone PYY does not Explain the Variability in Weight Loss After Roux-en-Y Gastric Bypass: Evidence From a Meta-Analysis.,"Macanhã Scremin G, Bicudo Bregion P, Portes Nascimento AC, Marchiori Fein J, Halamy Pereira L, Ivano VK, Cazzo E.",,2026,10.1007/s11695-026-08559-8,41854997,"(neuropeptide OR neuropeptidome OR peptidome OR ""peptide hormone"" OR allatostatin OR RFamide OR orcokinin OR ""crustacean cardioactive peptide"" OR ""crustacean hyperglycemic hormone"") AND (crustacean OR decapod OR crab OR lobster OR crayfish OR shrimp OR Crustacea) AND (FIRST_PDATE:[2025-01-01 TO 3000-12-31])"
"Relationships between increasing pre-load meal size, post-prandial acyl ghrelin, LEAP2, insulin, glucose, appetite, and food intake in adults without obesity","Parastika T, Liu J, Bhargava R, Ng WI, Guo J, Rodriguez Flores M, Zhang X, Emini M, Li W, Luur S, Barley Z, Brunstrom J, Goldstone AP.",,2026,10.64898/2026.07.29.26359169,,"(neuropeptide OR neuropeptidome OR peptidome OR ""peptide hormone"" OR allatostatin OR RFamide OR orcokinin OR ""crustacean cardioactive peptide"" OR ""crustacean hyperglycemic hormone"") AND (crustacean OR decapod OR crab OR lobster OR crayfish OR shrimp OR Crustacea) AND (FIRST_PDATE:[2025-01-01 TO 3000-12-31])"
"Dietary supplementation of glycerol monolaurate improves growth performance, meat quality, and gut microbiota in black pigs.","Xiao N, Wang X, Wang J, Cai H, Feng F, Zhao M.",,2026,10.1016/j.aninu.2025.09.005,41716843,"(neuropeptide OR neuropeptidome OR peptidome OR ""peptide hormone"" OR allatostatin OR RFamide OR orcokinin OR ""crustacean cardioactive peptide"" OR ""crustacean hyperglycemic hormone"") AND (crustacean OR decapod OR crab OR lobster OR crayfish OR shrimp OR Crustacea) AND (FIRST_PDATE:[2025-01-01 TO 3000-12-31])"
Single-cell analyses of tissue regeneration in two true jellyfish.,"Li Y, Law STS, Nong W, So WL, Xie Y, Leung TCN, Li TH, Tse J, Yip HY, Jin O, Zhang J, Chui APY, Lau KF, John A, Kai ZP, Bendena WG, Hayward A, Wei Y, Chan TF, Ngai SM, Hui JHL.",,2026,10.1093/molbev/msag128,42212572,"(neuropeptide OR neuropeptidome OR peptidome OR ""peptide hormone"" OR allatostatin OR RFamide OR orcokinin OR ""crustacean cardioactive peptide"" OR ""crustacean hyperglycemic hormone"") AND (crustacean OR decapod OR crab OR lobster OR crayfish OR shrimp OR Crustacea) AND (FIRST_PDATE:[2025-01-01 TO 3000-12-31])"
Nanomedicine-based theranostics in atherosclerotic cardiovascular diseases.,"Yeh CF, Ianalieva L, Wong HK, Wu CC, Yang KC.",,2026,10.1186/s12929-026-01245-y,42069590,"(neuropeptide OR neuropeptidome OR peptidome OR ""peptide hormone"" OR allatostatin OR RFamide OR orcokinin OR ""crustacean cardioactive peptide"" OR ""crustacean hyperglycemic hormone"") AND (crustacean OR decapod OR crab OR lobster OR crayfish OR shrimp OR Crustacea) AND (FIRST_PDATE:[2025-01-01 TO 3000-12-31])"
Single-cell analysis reveals neuroprotective histone deacetylase inhibitor pathways.,"Peyton M, Jury-Garfe N, Liu J, Beimfohr C, Sunil C, Brooks S, Zhang P, McCabe SD, Richardson TI, Huang K, Lasagna-Reeves CA, Zhang J, Johnson TS.",,2026,10.1002/alz.71108,41630642,"(neuropeptide OR neuropeptidome OR peptidome OR ""peptide hormone"" OR allatostatin OR RFamide OR orcokinin OR ""crustacean cardioactive peptide"" OR ""crustacean hyperglycemic hormone"") AND (crustacean OR decapod OR crab OR lobster OR crayfish OR shrimp OR Crustacea) AND (FIRST_PDATE:[2025-01-01 TO 3000-12-31])"
"The impacts of ready-to-eat-cereals and cereal fibers on gut health, body weight, and cardiometabolic health.",Comerford KB.,,2026,10.3389/fnut.2026.1717345,42079003,"(neuropeptide OR neuropeptidome OR peptidome OR ""peptide hormone"" OR allatostatin OR RFamide OR orcokinin OR ""crustacean cardioactive peptide"" OR ""crustacean hyperglycemic hormone"") AND (crustacean OR decapod OR crab OR lobster OR crayfish OR shrimp OR Crustacea) AND (FIRST_PDATE:[2025-01-01 TO 3000-12-31])"
RNA-Based Therapeutic Strategies in Multiple Myeloma: From Molecular Targets to Delivery and Clinical Translation.,"Baranov MV, Shalik I, Tsvetkova A, Streltsova A, Ovcharenko D, Ivanov R, Reshetnikov V.",,2026,10.3390/ijms27020843,41596492,"(neuropeptide OR neuropeptidome OR peptidome OR ""peptide hormone"" OR allatostatin OR RFamide OR orcokinin OR ""crustacean cardioactive peptide"" OR ""crustacean hyperglycemic hormone"") AND (crustacean OR decapod OR crab OR lobster OR crayfish OR shrimp OR Crustacea) AND (FIRST_PDATE:[2025-01-01 TO 3000-12-31])"
Obesogens in Prostate Cancer: An Endocrine and Metabolic Threat.,"Feijó M, Fonseca LRS, Kiss-Toth E, Socorro S, Correia S.",,2026,10.1007/s13679-026-00690-y,41739363,"(neuropeptide OR neuropeptidome OR peptidome OR ""peptide hormone"" OR allatostatin OR RFamide OR orcokinin OR ""crustacean cardioactive peptide"" OR ""crustacean hyperglycemic hormone"") AND (crustacean OR decapod OR crab OR lobster OR crayfish OR shrimp OR Crustacea) AND (FIRST_PDATE:[2025-01-01 TO 3000-12-31])"
Biocompatible nanostructured chitosan scaffolds for enhanced diabetic wound healing: Innovations and strategies.,"Murali R, Rajagopal P, Al-Huseini I, Veeraraghavan VP, Sirasanagandla SR, Jayaraman S.",,2025,10.1007/s13205-025-04377-4,40551969,"(neuropeptide OR neuropeptidome OR peptidome OR ""peptide hormone"" OR allatostatin OR RFamide OR orcokinin OR ""crustacean cardioactive peptide"" OR ""crustacean hyperglycemic hormone"") AND (crustacean OR decapod OR crab OR lobster OR crayfish OR shrimp OR Crustacea) AND (FIRST_PDATE:[2025-01-01 TO 3000-12-31])"
"Acute Effects of Pelemir-Enriched Bread on Postprandial Glucose and Hormonal Responses in Adults with Obesity, Type 2 Diabetes, and Normal Weight: A Two-Phase Exploratory Study.","Soyluk Selcukbiricik O, Calikoglu F, Idiz C, Dura G, Sir G, Eryigit OY, Kulaksiz I, Yilmazturk MH, Kubat Uzum A, Karsidag K, Satman I.",,2025,10.3390/nu17172819,40944207,"(neuropeptide OR neuropeptidome OR peptidome OR ""peptide hormone"" OR allatostatin OR RFamide OR orcokinin OR ""crustacean cardioactive peptide"" OR ""crustacean hyperglycemic hormone"") AND (crustacean OR decapod OR crab OR lobster OR crayfish OR shrimp OR Crustacea) AND (FIRST_PDATE:[2025-01-01 TO 3000-12-31])"
TnP as a Multifaceted Therapeutic Peptide with System-Wide Regulatory Capacity.,"Disner GR, Wincent E, Lima C, Lopes-Ferreira M.",,2025,10.3390/ph18081146,40872537,"(neuropeptide OR neuropeptidome OR peptidome OR ""peptide hormone"" OR allatostatin OR RFamide OR orcokinin OR ""crustacean cardioactive peptide"" OR ""crustacean hyperglycemic hormone"") AND (crustacean OR decapod OR crab OR lobster OR crayfish OR shrimp OR Crustacea) AND (FIRST_PDATE:[2025-01-01 TO 3000-12-31])"
In Silico Analysis of Possible microRNAs Involved in the Pathogenesis of White-Nose Syndrome in &lt;i&gt;Myotis lucifugus&lt;/i&gt;.,"Agarwal A, Willis CKR, Shrivastav A.",,2025,10.3390/ijms26178200,40943124,"(neuropeptide OR neuropeptidome OR peptidome OR ""peptide hormone"" OR allatostatin OR RFamide OR orcokinin OR ""crustacean cardioactive peptide"" OR ""crustacean hyperglycemic hormone"") AND (crustacean OR decapod OR crab OR lobster OR crayfish OR shrimp OR Crustacea) AND (FIRST_PDATE:[2025-01-01 TO 3000-12-31])"
